{
    "current_prompt_path": "codex.txt",
    "current_greeting_path": "codex.txt",
    "SHOW_MEMORY": false,
    "active_lorebook": null,
    "affect": {
        "curiosity": 0.34893531656658006,
        "concern": 0.0,
        "calm": 0.961310953125,
        "focus": 0.7708232427682497,
        "amusement": 0.15,
        "unease": 0.0,
        "trust": 0.227686336256,
        "warmth": 0.17898736904792592,
        "vulnerability": 0.020589113209464913
    },
    "relationship": {
        "familiarity": 0.2500000000000001,
        "closeness": 0.19000000000000006,
        "boundary_sensitivity": 0.58,
        "repair_need": 0.006755126014293704,
        "shared_humor": 0.06,
        "preferred_detail": "balanced",
        "preferred_mode": "direct",
        "last_user_tone": "playful"
    }
}