{
    "current_prompt_path": "codex.txt",
    "current_greeting_path": "codex.txt",
    "SHOW_MEMORY": false,
    "active_lorebook": null,
    "affect": {
        "curiosity": 0.2860934420000001,
        "concern": 0.0,
        "calm": 0.95,
        "focus": 0.7713218873137565,
        "amusement": 0.0,
        "unease": 0.0,
        "trust": 0.21999999999999997,
        "warmth": 0.1796210817715136,
        "vulnerability": 0.03486784401000002
    },
    "relationship": {
        "familiarity": 0.20000000000000007,
        "closeness": 0.15000000000000002,
        "boundary_sensitivity": 0.58,
        "repair_need": 0.30250000000000005,
        "shared_humor": 0.0,
        "preferred_detail": "balanced",
        "preferred_mode": "direct",
        "last_user_tone": "repair"
    }
}